ID	Name	Bgd count	Result count	Result gene list	Pct of bgd	Fold enrichment	Odds ratio	P-value	Benjamini	Bonferroni
GO:0020015	glycosome	66	7	LINF_110016000,LINF_150016000,LINF_310038000,LINF_350016600,LINF_350016700,LINF_350026800,LINF_360018400,	10.6	2.19	2.37	0.0390910719575	0.725095877893	1.0
GO:0009986	cell surface	7	2	LINF_110012200,LINF_110012300,	28.6	5.9	7.92	0.0417328584679	0.725095877893	1.0
GO:0000124	SAGA complex	1	1	LINF_060018500,	100.0	20.65	inf	0.04842365547	0.725095877893	1.0
GO:0048471	perinuclear region of cytoplasm	1	1	LINF_340026700,	100.0	20.65	inf	0.04842365547	0.725095877893	1.0
GO:0070461	SAGA-type complex	1	1	LINF_060018500,	100.0	20.65	inf	0.04842365547	0.725095877893	1.0
GO:0097038	perinuclear endoplasmic reticulum	1	1	LINF_340026700,	100.0	20.65	inf	0.04842365547	0.725095877893	1.0
GO:1990578	perinuclear endoplasmic reticulum membrane	1	1	LINF_340026700,	100.0	20.65	inf	0.04842365547	0.725095877893	1.0
