ID	Name	Bgd count	Result count	Result gene list	Pct of bgd	Fold enrichment	Odds ratio	P-value	Benjamini	Bonferroni
GO:0051286	cell tip	36	5	LINF_090009900,LINF_090010000,LINF_360072800,LINF_360073200,LINF_360073600,	13.9	11.62	14.5	5.81273099732e-05	0.00138412238765	0.00244134701887
GO:0060187	cell pole	37	5	LINF_090009900,LINF_090010000,LINF_360072800,LINF_360073200,LINF_360073600,	13.5	11.31	14.04	6.6599231865e-05	0.00138412238765	0.00279716773833
GO:0070258	inner membrane pellicle complex	2	2	LINF_360072800,LINF_360073200,	100.0	83.67	inf	0.000140401505838	0.00138412238765	0.00589686324518
GO:0016021	integral component of membrane	252	11	LINF_030008650,LINF_030008700,LINF_360072800,LINF_360072900,LINF_360073000,LINF_360073100,LINF_360073200,LINF_360073300,LINF_360073400,LINF_360073500,LINF_360073600,	4.4	3.65	4.42	0.000153583707133	0.00138412238765	0.00645051569959
GO:0031224	intrinsic component of membrane	254	11	LINF_030008650,LINF_030008700,LINF_360072800,LINF_360072900,LINF_360073000,LINF_360073100,LINF_360073200,LINF_360073300,LINF_360073400,LINF_360073500,LINF_360073600,	4.3	3.62	4.38	0.000164776474721	0.00138412238765	0.00692061193826
GO:0020039	pellicle	3	2	LINF_360072800,LINF_360073200,	66.7	55.78	171.21	0.000417962924303	0.00292574047012	0.0175544428207
GO:0005886	plasma membrane	51	3	LINF_360072800,LINF_360073200,LINF_360073600,	5.9	4.92	5.39	0.0224939380292	0.134963628175	0.944745397226
GO:0016020	membrane	549	12	LINF_030008650,LINF_030008700,LINF_060019200,LINF_360072800,LINF_360072900,LINF_360073000,LINF_360073100,LINF_360073200,LINF_360073300,LINF_360073400,LINF_360073500,LINF_360073600,	2.2	1.83	2.07	0.0264588294868	0.138908854806	1.0
GO:0071203	WASH complex	3	1	LINF_240018100,	33.3	27.89	42.04	0.0354345271384	0.165361126646	1.0
