ID	Name	Bgd count	Result count	Result gene list	Pct of bgd	Fold enrichment	Odds ratio	P-value	Benjamini	Bonferroni
GO:0020015	glycosome	66	6	LINF_110016000,LINF_150016000,LINF_350016600,LINF_350016700,LINF_350026800,LINF_360018400,	9.1	3.5	3.89	0.00691456982668	0.264967679126	0.560080155961
GO:0005777	peroxisome	71	6	LINF_110016000,LINF_150016000,LINF_350016600,LINF_350016700,LINF_350026800,LINF_360018400,	8.5	3.25	3.59	0.00981361774541	0.264967679126	0.794903037378
GO:0042579	microbody	71	6	LINF_110016000,LINF_150016000,LINF_350016600,LINF_350016700,LINF_350026800,LINF_360018400,	8.5	3.25	3.59	0.00981361774541	0.264967679126	0.794903037378
