ID	Name	Bgd count	Result count	Result gene list	Pct of bgd	Fold enrichment	Odds ratio	P-value	Benjamini	Bonferroni
GO:0016020	membrane	549	13	LINF_020006700,LINF_020006800,LINF_020006900,LINF_020007000,LINF_020007100,LINF_100008900,LINF_110018150,LINF_110018350,LINF_110018700,LINF_310039500,LINF_310039600,LINF_340039100,LINF_350041200,	2.4	2.74	3.58	0.000490908851395	0.0206181717586	0.0206181717586
GO:0051286	cell tip	36	3	LINF_300012300,LINF_350027400,LINF_350027500,	8.3	9.63	11.14	0.00352922523722	0.0534472179893	0.148227459963
GO:0060187	cell pole	37	3	LINF_300012300,LINF_350027400,LINF_350027500,	8.1	9.37	10.81	0.00381765842781	0.0534472179893	0.160341653968
GO:0032300	mismatch repair complex	4	1	LINF_330010500,	25.0	28.89	39.09	0.0341813828772	0.287123616169	1.0
GO:1990391	DNA repair complex	4	1	LINF_330010500,	25.0	28.89	39.09	0.0341813828772	0.287123616169	1.0
